,Date,Open,High,Low,Close,Adj Close,Volume
TSLA,9/27/2022,117.199997,118.32,113.050003,114.410004,114.410004,60094700
TSLA,9/28/2022,114.379997,118.699997,113.800003,118.010002,118.010002,55763800
TSLA,9/29/2022,115.599998,116.07,113.059998,114.800003,114.800003,58969700
TSLA,9/30/2022,114.080002,116.919998,112.839996,113,113,59479600
TSLA,10/3/2022,113.580002,116.910004,112.449997,115.879997,115.879997,50941900
TSLA,10/4/2022,119.889999,123,119.790001,121.089996,121.089996,62812600
TSLA,10/5/2022,118.580002,121.75,117.690002,120.949997,120.949997,48217500
TSLA,10/6/2022,120.769997,121.529999,119.5,120.300003,120.300003,42253800
TSLA,10/7/2022,118,118.169998,113.879997,114.559998,114.559998,54678000
TSLA,10/10/2022,115.099998,116.25,112.43,113.669998,113.669998,42339700
TSLA,10/11/2022,112.709999,115.480003,110.389999,112.209999,112.209999,56432200
TSLA,10/12/2022,112.489998,113.830002,111.400002,112.900002,112.900002,45728700
TSLA,10/13/2022,107.879997,113.440002,105.349998,112.529999,112.529999,86868100
TSLA,10/14/2022,114.099998,114.959999,106.599998,106.900002,106.900002,67737300
TSLA,10/17/2022,110.110001,114.190002,110.089996,113.790001,113.790001,62782000
TSLA,10/18/2022,119.059998,119.519997,114.790001,116.360001,116.360001,65607400
TSLA,10/19/2022,114.709999,116.589996,113.220001,115.07,115.07,47198100
TSLA,10/20/2022,113.830002,118.239998,113.510002,115.25,115.25,48795100
TSLA,10/21/2022,114.790001,119.589996,114.5,119.32,119.32,55660500
TSLA,10/24/2022,119.980003,120.389999,116.57,119.82,119.82,49531500
TSLA,10/25/2022,119.650002,121.32,118.949997,120.599998,120.599998,50934600
TSLA,10/26/2022,116,119.349998,114.760002,115.660004,115.660004,68802300
TSLA,10/27/2022,113.919998,114.120003,109.769997,110.959999,110.959999,129605400
TSLA,10/28/2022,97.910004,103.959999,97.660004,103.410004,103.410004,223133400
TSLA,10/31/2022,103.559998,104.870003,100.739998,102.440002,102.440002,99251400
TSLA,11/1/2022,103.989998,104.580002,96.059998,96.790001,96.790001,153370000
TSLA,11/2/2022,97.32,97.739998,92.010002,92.120003,92.120003,135761800
TSLA,11/3/2022,92.470001,93.5,89.019997,89.300003,89.300003,136683300
TSLA,11/4/2022,91.489998,92.440002,88.040001,90.980003,90.980003,129101300
TSLA,11/7/2022,91.949997,92.099998,89.040001,90.529999,90.529999,77495700
TSLA,11/8/2022,90.790001,91.720001,88.230003,89.980003,89.980003,88703400
TSLA,11/9/2022,89.470001,89.480003,85.870003,86.139999,86.139999,90796200
TSLA,11/10/2022,92.940002,98.690002,91.650002,96.629997,96.629997,173414900
TSLA,11/11/2022,97.879997,101.190002,96.660004,100.790001,100.790001,111590500
TSLA,11/14/2022,98.769997,100.120003,97.290001,98.489998,98.489998,99533100
TSLA,11/15/2022,103.209999,103.790001,97.339996,98.940002,98.940002,111336300
TSLA,11/16/2022,96.849998,98.489998,95.540001,97.120003,97.120003,87958800
TSLA,11/17/2022,95.370003,96.970001,94.029999,94.849998,94.849998,82617900
TSLA,11/18/2022,95.949997,95.989998,92.480003,94.139999,94.139999,72428200
TSLA,11/21/2022,93.970001,95.019997,90.589996,92.459999,92.459999,84330300
TSLA,11/22/2022,92.620003,93.349998,90.870003,93.199997,93.199997,62192000
TSLA,11/23/2022,93.239998,94.580002,92.830002,94.129997,94.129997,59414700
TSLA,11/25/2022,93.790001,94.43,93.07,93.410004,93.410004,35088600
TSLA,11/28/2022,93.93,96.400002,93.43,93.949997,93.949997,74943100
TSLA,11/29/2022,94.040001,94.410004,91.440002,92.419998,92.419998,65567300
TSLA,11/30/2022,92.470001,96.540001,91.529999,96.540001,96.540001,102805800
TSLA,12/1/2022,96.989998,97.230003,94.919998,95.5,95.5,68488000
TSLA,12/2/2022,94.480003,95.360001,93.779999,94.129997,94.129997,72496400
TSLA,12/5/2022,93.050003,94.059998,90.82,91.010002,91.010002,71535500
TSLA,12/6/2022,90.5,91.040001,87.900002,88.25,88.25,75503600
TSLA,12/7/2022,88.339996,89.889999,87.480003,88.459999,88.459999,68086900
TSLA,12/8/2022,89.239998,90.860001,87.879997,90.349998,90.349998,73305900
TSLA,12/9/2022,88.900002,90.300003,88.629997,89.089996,89.089996,67398500
TSLA,12/12/2022,89.209999,90.580002,87.870003,90.550003,90.550003,61999800
TSLA,12/13/2022,95.230003,96.25,90.519997,92.489998,92.489998,100212000
TSLA,12/14/2022,92.5,93.459999,89.870003,91.580002,91.580002,70298000
TSLA,12/15/2022,89.889999,89.970001,87.470001,88.449997,88.449997,84802900
TSLA,12/16/2022,88.269997,89.349998,86.730003,87.860001,87.860001,146144100
TSLA,12/19/2022,87.510002,87.629997,84.510002,84.919998,84.919998,83531500
TSLA,12/20/2022,85.330002,86.610001,84.330002,85.190002,85.190002,74348300
TSLA,12/21/2022,86.18,87.230003,85.209999,86.769997,86.769997,59267200
TSLA,12/22/2022,85.519997,85.68,82.25,83.790001,83.790001,81431300
TSLA,12/23/2022,83.25,85.779999,82.93,85.25,85.25,57433700
TSLA,12/27/2022,84.970001,85.349998,83,83.040001,83.040001,57284000
TSLA,12/28/2022,82.800003,83.480003,81.690002,81.82,81.82,58228600
TSLA,12/29/2022,82.870003,84.550003,82.550003,84.18,84.18,54995900
TSLA,12/30/2022,83.120003,84.050003,82.470001,84,84,62401200
TSLA,1/3/2023,85.459999,86.959999,84.209999,85.82,85.82,76706000
TSLA,1/4/2023,86.550003,86.980003,83.360001,85.139999,85.139999,68885100
TSLA,1/5/2023,85.330002,85.419998,83.07,83.120003,83.120003,67930800
TSLA,1/6/2023,83.029999,86.400002,81.43,86.080002,86.080002,83303400
TSLA,1/9/2023,87.459999,89.480003,87.080002,87.360001,87.360001,65266100
TSLA,1/10/2023,87.57,90.190002,87.290001,89.870003,89.870003,67756600
TSLA,1/11/2023,90.93,95.260002,90.93,95.089996,95.089996,103126200
TSLA,1/12/2023,96.93,97.190002,93.5,95.269997,95.269997,85254800
TSLA,1/13/2023,94.18,98.370003,94.120003,98.120003,98.120003,85549400
TSLA,1/17/2023,98.68,98.889999,95.730003,96.050003,96.050003,72755000
TSLA,1/18/2023,97.25,99.32,95.379997,95.459999,95.459999,79570400
TSLA,1/19/2023,94.739998,95.440002,92.860001,93.68,93.68,69002700
TSLA,1/20/2023,93.860001,97.349998,93.199997,97.25,97.25,67481500
TSLA,1/23/2023,97.559998,97.779999,95.860001,97.519997,97.519997,76501100
TSLA,1/24/2023,96.93,98.089996,96,96.32,96.32,66929500
TSLA,1/25/2023,92.559998,97.239998,91.519997,97.18,97.18,94261600
TSLA,1/26/2023,98.239998,99.489998,96.919998,99.220001,99.220001,68523600
TSLA,1/27/2023,99.529999,103.489998,99.529999,102.239998,102.239998,87775600
TSLA,1/30/2023,101.089996,101.739998,99.010002,100.550003,100.550003,70691900
TSLA,1/31/2023,101.160004,103.349998,101.139999,103.129997,103.129997,66527300
TSLA,2/1/2023,102.529999,106.239998,101.239998,105.150002,105.150002,80450100
TSLA,2/2/2023,110.25,114,108.879997,112.910004,112.910004,158154200
TSLA,2/3/2023,105.260002,108.779999,102.519997,103.389999,103.389999,144374800
TSLA,2/6/2023,102.93,103.949997,100.650002,102.18,102.18,81945200
TSLA,2/7/2023,101.169998,102.410004,98.080002,102.110001,102.110001,119501300
TSLA,2/8/2023,102.040001,102.669998,98.779999,100.050003,100.050003,75878300
TSLA,2/9/2023,101.32,101.779999,97.57,98.239998,98.239998,64622500
TSLA,2/10/2023,97.559998,98.82,96.230003,97.610001,97.610001,52740100
TSLA,2/13/2023,97.849998,99.68,96.910004,99.540001,99.540001,52841500
TSLA,2/14/2023,98.410004,100.919998,97.519997,99.699997,99.699997,56202900
TSLA,2/15/2023,99.089996,101.169998,98.449997,101.160004,101.160004,47957600
TSLA,2/16/2023,99.209999,100.629997,98.099998,98.150002,98.150002,56339200
TSLA,2/17/2023,97.800003,97.940002,95.650002,97.199997,97.199997,60029400
TSLA,2/21/2023,95.339996,95.610001,94.269997,94.580002,94.580002,56580400
TSLA,2/22/2023,95.099998,97.010002,94.800003,95.790001,95.790001,59534100
TSLA,2/23/2023,96.120003,96.43,93.669998,95.82,95.82,48467000
TSLA,2/24/2023,93.529999,94.139999,92.32,93.5,93.5,57053800
TSLA,2/27/2023,94.279999,94.779999,93.139999,93.760002,93.760002,47470300
TSLA,2/28/2023,93.139999,94.690002,92.919998,94.230003,94.230003,43959300
TSLA,3/1/2023,93.870003,94.68,91.589996,92.169998,92.169998,52299500
TSLA,3/2/2023,91.410004,92.230003,90.389999,92.129997,92.129997,55509400
TSLA,3/3/2023,92.739998,94.940002,92.660004,94.900002,94.900002,55759600
TSLA,3/6/2023,95.190002,96.550003,93.739998,93.75,93.75,52112400
TSLA,3/7/2023,94.059998,95.089996,92.779999,93.550003,93.550003,49100700
TSLA,3/8/2023,93.599998,94.169998,92.18,93.919998,93.919998,44899100
TSLA,3/9/2023,93.68,96.209999,92.18,92.25,92.25,56218700
TSLA,3/10/2023,92.669998,93.57,90.25,90.730003,90.730003,69827500
TSLA,3/13/2023,89.970001,94.019997,88.120003,92.43,92.43,72397100
TSLA,3/14/2023,93.830002,95.07,92.709999,94.879997,94.879997,60912700
TSLA,3/15/2023,93.220001,96.669998,93.07,96.199997,96.199997,70731800
TSLA,3/16/2023,95.75,100.989998,95.610001,100.040001,100.040001,84446900
TSLA,3/17/2023,99.790001,100.660004,97.459999,98.949997,98.949997,87300200
TSLA,3/20/2023,98.410004,98.480003,95.699997,97.709999,97.709999,62388900
TSLA,3/21/2023,98.139999,100.849998,98,100.610001,100.610001,58597300
TSLA,3/22/2023,100.449997,102.099998,98.610001,98.699997,98.699997,57475400
TSLA,3/23/2023,100.43,101.059998,97.620003,98.709999,98.709999,57559300
TSLA,3/24/2023,98.07,98.300003,96.400002,98.129997,98.129997,56095400
TSLA,3/27/2023,99.07,99.339996,97.080002,98.040001,98.040001,46721300
TSLA,3/28/2023,98.110001,98.440002,96.290001,97.239998,97.239998,38720100
TSLA,3/29/2023,98.690002,100.419998,98.559998,100.25,100.25,49783300
TSLA,3/30/2023,101.550003,103.040001,101.010002,102,102,53633400
TSLA,3/31/2023,102.160004,103.489998,101.949997,103.290001,103.290001,56750300
TSLA,4/3/2023,102.300003,103.290001,101.43,102.410004,102.410004,41135700
TSLA,4/4/2023,102.75,104.199997,102.110001,103.949997,103.949997,48662500
TSLA,4/5/2023,103.910004,103.910004,100.75,101.099998,101.099998,45175400
TSLA,4/6/2023,100.75,102.379997,99.800003,102.059998,102.059998,43808000
TSLA,4/10/2023,100.959999,102.199997,99.57,102.169998,102.169998,37261200
TSLA,4/11/2023,100.800003,101,99.010002,99.919998,99.919998,60417800
TSLA,4/12/2023,100.400002,100.510002,97.709999,97.830002,97.830002,56735000
TSLA,4/13/2023,98.949997,102.57,98.709999,102.400002,102.400002,67925100
TSLA,4/14/2023,102.07,103.199997,101.110001,102.510002,102.510002,51450500
TSLA,4/17/2023,103.160004,103.730003,101.589996,102.739998,102.739998,39919500
TSLA,4/18/2023,103.949997,104.199997,101.519997,102.300003,102.300003,39790500
TSLA,4/19/2023,101.580002,105.120003,101.389999,104.300003,104.300003,58398900
TSLA,4/20/2023,103.529999,105.25,103.209999,103.809998,103.809998,57696900
TSLA,4/21/2023,106.099998,108.150002,105.080002,106.959999,106.959999,86774200
TSLA,4/24/2023,107.660004,109.230003,105.07,106.209999,106.209999,69575600
TSLA,4/25/2023,104.910004,105.449997,102.449997,102.57,102.57,65026800
TSLA,4/26/2023,105.040001,106.620003,104.099998,104.980003,104.980003,73803800
TSLA,4/27/2023,108.160004,110.860001,106.800003,109.82,109.82,149961200
TSLA,4/28/2023,107.730003,109.480003,104.330002,105.449997,105.449997,130565000
TSLA,5/1/2023,104.949997,105.230003,101.82,102.050003,102.050003,74728100
TSLA,5/2/2023,101.470001,103.900002,101.150002,103.629997,103.629997,73469400
TSLA,5/3/2023,103.739998,105.959999,103.279999,103.650002,103.650002,65051900
TSLA,5/4/2023,104.040001,105.389999,103.309998,104,104,45345500
TSLA,5/5/2023,104.269997,105.760002,103.550003,105.660004,105.660004,56912900
TSLA,5/8/2023,105.040001,106.099998,104.699997,105.830002,105.830002,49430900
TSLA,5/9/2023,105.480003,106.790001,105.160004,106.620003,106.620003,44089400
TSLA,5/10/2023,108.099998,110.669998,108.050003,110.190002,110.190002,78627600
TSLA,5/11/2023,111.029999,113.279999,110.489998,112.18,112.18,74924800
TSLA,5/12/2023,112.160004,112.639999,109.32,110.260002,110.260002,49810100
TSLA,5/15/2023,111.150002,112.290001,109.25,111.199997,111.199997,53011100
TSLA,5/16/2023,111.050003,114.790001,111.050003,113.400002,113.400002,71472900
TSLA,5/17/2023,114.889999,115.830002,114.220001,115.5,115.5,65655200
TSLA,5/18/2023,116.690002,118.599998,116.339996,118.150002,118.150002,73174100
TSLA,5/19/2023,118.160004,118.309998,115.699997,116.25,116.25,54990200
TSLA,5/22/2023,116.769997,116.769997,114.25,115.010002,115.010002,70741100
TSLA,5/23/2023,114.269997,117.139999,113.779999,114.989998,114.989998,67576300
TSLA,5/24/2023,115.349998,117.339996,115.019997,116.75,116.75,63487900
TSLA,5/25/2023,116.629997,116.870003,114.309998,115,115,66496700
TSLA,5/26/2023,116.040001,121.5,116.019997,120.110001,120.110001,96779900
TSLA,5/30/2023,122.370003,122.919998,119.860001,121.660004,121.660004,64314800
TSLA,5/31/2023,121.449997,122.040001,119.169998,120.580002,120.580002,72800800
TSLA,6/1/2023,120.690002,123.489998,119.93,122.769997,122.769997,54375100
TSLA,6/2/2023,124.919998,126.389999,124.019997,124.25,124.25,61215000
TSLA,6/5/2023,123.360001,125.800003,123.029999,125.300003,125.300003,47950100
TSLA,6/6/2023,125.07,127.400002,125,126.610001,126.610001,45695200
TSLA,6/7/2023,127.010002,127.370003,120.629997,121.230003,121.230003,95663300
TSLA,6/8/2023,123.010002,125.629997,122.260002,124.25,124.25,62159300
TSLA,6/9/2023,124.080002,125.800003,123.190002,123.43,123.43,51330000
TSLA,6/12/2023,124.019997,126.779999,123.529999,126.57,126.57,51338000
TSLA,6/13/2023,128.119995,128.410004,125.18,126.660004,126.660004,50564800
TSLA,6/14/2023,126.699997,126.949997,124.120003,126.419998,126.419998,52422500
TSLA,6/15/2023,125.209999,127.690002,124.32,127.110001,127.110001,60458500
TSLA,6/16/2023,127.709999,127.900002,125.300003,125.489998,125.489998,84188100
TSLA,6/20/2023,124.970001,127.25,124.5,125.779999,125.779999,56930100
TSLA,6/21/2023,125.639999,126.730003,123.849998,124.830002,124.830002,52137700
TSLA,6/22/2023,125.309998,130.330002,125.139999,130.149994,130.149994,90354600
TSLA,6/23/2023,129.110001,130.839996,128.279999,129.330002,129.330002,71855200
TSLA,6/26/2023,129.330002,131.490005,127.099998,127.330002,127.330002,59989300
TSLA,6/27/2023,128.630005,130.089996,127.550003,129.179993,129.179993,46801000
TSLA,6/28/2023,128.940002,131.479996,128.440002,129.039993,129.039993,52149500
TSLA,6/29/2023,128.770004,129.259995,127.260002,127.900002,127.900002,40761000
TSLA,6/30/2023,129.470001,131.25,128.949997,130.360001,130.360001,54310500
TSLA,7/3/2023,130.820007,131.850006,130.070007,130.220001,130.220001,28264800
TSLA,7/5/2023,130.240005,131.399994,129.639999,130.380005,130.380005,35895400
TSLA,7/6/2023,128.25,128.729996,127.370003,128.360001,128.360001,40639900
TSLA,7/7/2023,128.589996,130.970001,128.130005,129.779999,129.779999,41928700
TSLA,7/10/2023,129.070007,129.279999,125.919998,127.129997,127.129997,61889300
TSLA,7/11/2023,127.75,129.770004,127.349998,128.779999,128.779999,49951500
TSLA,7/12/2023,130.309998,131.259995,128.830002,130.800003,130.800003,54022800
TSLA,7/13/2023,134.039993,134.669998,132.710007,134.300003,134.300003,61170900
TSLA,7/14/2023,134.059998,136.649994,134.059998,134.679993,134.679993,54388100
TSLA,7/17/2023,134.559998,135.619995,133.210007,133.559998,133.559998,48450200
TSLA,7/18/2023,132.710007,133.860001,131.350006,132.830002,132.830002,54969100
TSLA,7/19/2023,133.389999,135.990005,132.529999,135.360001,135.360001,54531000
TSLA,7/20/2023,134.070007,134.789993,129.330002,129.960007,129.960007,59820600
TSLA,7/21/2023,131.339996,131.369995,128.419998,130,130,133265000
TSLA,7/24/2023,130.309998,131.660004,128.350006,128.800003,128.800003,45591100
TSLA,7/25/2023,129.309998,129.580002,128.529999,129.130005,129.130005,39236700
TSLA,7/26/2023,126.510002,129.080002,126.110001,128.149994,128.149994,53910100
TSLA,7/27/2023,131,132.630005,127.790001,128.25,128.25,52610700
TSLA,7/28/2023,129.690002,133.009995,129.330002,132.210007,132.210007,46317400
TSLA,7/31/2023,133.199997,133.869995,132.380005,133.679993,133.679993,41901500
TSLA,8/1/2023,133.550003,133.690002,131.619995,131.690002,131.690002,42098500
TSLA,8/2/2023,130.149994,130.229996,126.82,128.210007,128.210007,51027600
TSLA,8/3/2023,127.480003,129.839996,126.410004,128.910004,128.910004,88585200
TSLA,8/4/2023,141.059998,143.630005,139.320007,139.570007,139.570007,152938700
TSLA,8/7/2023,140.990005,142.539993,138.949997,142.220001,142.220001,71213100
TSLA,8/8/2023,140.619995,140.839996,138.419998,139.940002,139.940002,51710500
TSLA,8/9/2023,139.970001,140.320007,137.100006,137.850006,137.850006,50017300
TSLA,8/10/2023,139.070007,140.410004,137.490005,138.559998,138.559998,58928400
TSLA,8/11/2023,137.399994,139.330002,137,138.410004,138.410004,42832100
TSLA,8/14/2023,138.300003,140.589996,137.75,140.570007,140.570007,47148700
TSLA,8/15/2023,140.050003,141.279999,137.229996,137.669998,137.669998,42781500
TSLA,8/16/2023,137.190002,137.270004,135.009995,135.070007,135.070007,41675900
TSLA,8/17/2023,135.460007,136.089996,133.529999,133.979996,133.979996,48354100
TSLA,8/18/2023,131.619995,134.070007,131.149994,133.220001,133.220001,48469400
TSLA,8/21/2023,133.740005,135.190002,132.710007,134.679993,134.679993,41442500
TSLA,8/22/2023,135.080002,135.649994,133.729996,134.25,134.25,32935100
TSLA,8/23/2023,134.5,135.949997,133.220001,135.520004,135.520004,42801000
TSLA,8/24/2023,136.399994,136.779999,131.830002,131.839996,131.839996,43646300
TSLA,8/25/2023,132.470001,133.869995,130.580002,133.259995,133.259995,44147500
TSLA,8/28/2023,133.779999,133.949997,131.850006,133.139999,133.139999,34108400
TSLA,8/29/2023,133.380005,135.139999,133.25,134.910004,134.910004,38646100
TSLA,8/30/2023,134.929993,135.679993,133.919998,135.070007,135.070007,36137000
TSLA,8/31/2023,135.059998,138.789993,135,138.009995,138.009995,58781300
TSLA,9/1/2023,139.460007,139.960007,136.880005,138.119995,138.119995,40948300
TSLA,9/5/2023,137.729996,137.800003,135.820007,137.270004,137.270004,40636700
TSLA,9/6/2023,136.320007,137.449997,134.610001,135.360001,135.360001,41785500
TSLA,9/7/2023,133.899994,138.029999,133.160004,137.850006,137.850006,48498900
TSLA,9/8/2023,136.860001,138.850006,136.75,138.229996,138.229996,38348200
TSLA,9/11/2023,138.75,143.619995,138.639999,143.100006,143.100006,56764500
TSLA,9/12/2023,142.320007,143,140.610001,141.229996,141.229996,42668500
TSLA,9/13/2023,140.949997,144.979996,140.869995,144.850006,144.850006,60465200
TSLA,9/14/2023,145.080002,145.860001,142.949997,144.720001,144.720001,64033600
TSLA,9/15/2023,142.690002,143.570007,140.089996,140.389999,140.389999,102861700
TSLA,9/18/2023,140.479996,141.75,139.220001,139.979996,139.979996,42823500
TSLA,9/19/2023,138.699997,138.839996,135.559998,137.630005,137.630005,61482500
TSLA,9/20/2023,138.550003,139.369995,135.199997,135.289993,135.289993,46263700
TSLA,9/21/2023,131.940002,132.240005,129.309998,129.330002,129.330002,70234800
TSLA,9/22/2023,131.110001,132.029999,128.520004,129.119995,129.119995,59859500
TSLA,9/25/2023,129.360001,131.779999,128.770004,131.270004,131.270004,46017800
TSLA,9/26/2023,130.119995,130.389999,125.279999,125.980003,125.980003,73048200
AMZN,9/27/2022,283.839996,288.670013,277.51001,282.940002,282.940002,61925200
AMZN,9/28/2022,283.079987,289,277.570007,287.809998,287.809998,54664800
AMZN,9/29/2022,282.76001,283.649994,265.779999,268.209991,268.209991,77620600
AMZN,9/30/2022,266.149994,275.570007,262.470001,265.25,265.25,67726600
AMZN,10/3/2022,254.5,255.160004,241.009995,242.399994,242.399994,98363500
AMZN,10/4/2022,250.520004,257.5,242.009995,249.440002,249.440002,109578500
AMZN,10/5/2022,245.009995,246.669998,233.270004,240.809998,240.809998,86982700
AMZN,10/6/2022,239.440002,244.580002,235.350006,238.130005,238.130005,69298400
AMZN,10/7/2022,233.940002,234.570007,222.020004,223.070007,223.070007,83916800
AMZN,10/10/2022,223.929993,226.990005,218.360001,222.960007,222.960007,67925000
AMZN,10/11/2022,220.949997,225.75,215,216.5,216.5,77013200
AMZN,10/12/2022,215.330002,219.300003,211.509995,217.240005,217.240005,66860700
AMZN,10/13/2022,208.300003,222.990005,206.220001,221.720001,221.720001,91483000
AMZN,10/14/2022,224.009995,226.259995,204.160004,204.990005,204.990005,94124500
AMZN,10/17/2022,210.039993,221.860001,209.449997,219.350006,219.350006,79428800
AMZN,10/18/2022,229.5,229.820007,217.25,220.190002,220.190002,75891900
AMZN,10/19/2022,219.800003,222.929993,217.779999,222.039993,222.039993,66571500
AMZN,10/20/2022,208.279999,215.550003,202,207.279999,207.279999,117798100
AMZN,10/21/2022,206.419998,214.660004,203.800003,214.440002,214.440002,75713800
AMZN,10/24/2022,205.820007,213.5,198.589996,211.25,211.25,100446800
AMZN,10/25/2022,210.100006,224.350006,210,222.419998,222.419998,96507900
AMZN,10/26/2022,219.399994,230.600006,218.199997,224.639999,224.639999,85012500
AMZN,10/27/2022,229.770004,233.809998,222.850006,225.089996,225.089996,61638800
AMZN,10/28/2022,225.399994,228.860001,216.350006,228.520004,228.520004,69152400
AMZN,10/31/2022,226.190002,229.850006,221.940002,227.539993,227.539993,61554300
AMZN,11/1/2022,234.050003,237.399994,227.279999,227.820007,227.820007,62688800
AMZN,11/2/2022,226.039993,227.869995,214.820007,214.979996,214.979996,63070300
AMZN,11/3/2022,211.360001,221.199997,210.139999,215.309998,215.309998,56538800
AMZN,11/4/2022,222.600006,223.800003,203.080002,207.470001,207.470001,98622200
AMZN,11/7/2022,208.649994,208.899994,196.660004,197.080002,197.080002,93916500
AMZN,11/8/2022,194.020004,195.199997,186.75,191.300003,191.300003,128803400
AMZN,11/9/2022,190.779999,195.889999,177.119995,177.589996,177.589996,127062700
AMZN,11/10/2022,189.899994,191,180.029999,190.720001,190.720001,132703000
AMZN,11/11/2022,186,196.520004,182.589996,195.970001,195.970001,114403600
AMZN,11/14/2022,192.770004,195.729996,186.339996,190.949997,190.949997,92226600
AMZN,11/15/2022,195.880005,200.820007,192.059998,194.419998,194.419998,91293800
AMZN,11/16/2022,191.509995,192.570007,185.660004,186.919998,186.919998,66567600
AMZN,11/17/2022,183.960007,186.160004,180.899994,183.169998,183.169998,64336000
AMZN,11/18/2022,185.050003,185.190002,176.550003,180.190002,180.190002,76048900
AMZN,11/21/2022,175.850006,176.770004,167.539993,167.869995,167.869995,92882700
AMZN,11/22/2022,168.630005,170.919998,166.190002,169.910004,169.910004,78452300
AMZN,11/23/2022,173.570007,183.619995,172.5,183.199997,183.199997,109536700
AMZN,11/25/2022,185.059998,185.199997,180.630005,182.860001,182.860001,50672700
AMZN,11/28/2022,179.960007,188.5,179,182.919998,182.919998,92905200
AMZN,11/29/2022,184.990005,186.380005,178.75,180.830002,180.830002,83357100
AMZN,11/30/2022,182.429993,194.759995,180.630005,194.699997,194.699997,109186400
AMZN,12/1/2022,197.080002,198.919998,191.800003,194.699997,194.699997,80046200
AMZN,12/2/2022,191.779999,196.25,191.110001,194.860001,194.860001,73645900
AMZN,12/5/2022,189.440002,191.270004,180.550003,182.449997,182.449997,93122700
AMZN,12/6/2022,181.220001,183.649994,175.330002,179.820007,179.820007,92150800
AMZN,12/7/2022,175.029999,179.380005,172.220001,174.039993,174.039993,84213300
AMZN,12/8/2022,172.199997,175.199997,169.059998,173.440002,173.440002,97624500
AMZN,12/9/2022,173.839996,182.5,173.360001,179.050003,179.050003,104872300
AMZN,12/12/2022,176.100006,177.369995,167.520004,167.820007,167.820007,109794500
AMZN,12/13/2022,174.869995,175.050003,156.910004,160.949997,160.949997,175862700
AMZN,12/14/2022,159.25,161.619995,155.309998,156.800003,156.800003,140682300
AMZN,12/15/2022,153.440002,160.929993,153.279999,157.669998,157.669998,122334500
AMZN,12/16/2022,159.639999,160.990005,150.039993,150.229996,150.229996,139032200
AMZN,12/19/2022,154,155.25,145.820007,149.869995,149.869995,139390600
AMZN,12/20/2022,146.050003,148.470001,137.660004,137.800003,137.800003,159563300
AMZN,12/21/2022,139.339996,141.259995,135.889999,137.570007,137.570007,145417400
AMZN,12/22/2022,136,136.630005,122.260002,125.349998,125.349998,210090300
AMZN,12/23/2022,126.370003,128.619995,121.019997,123.150002,123.150002,166989700
AMZN,12/27/2022,117.5,119.669998,108.760002,109.099998,109.099998,208643400
AMZN,12/28/2022,110.349998,116.269997,108.239998,112.709999,112.709999,221070500
AMZN,12/29/2022,120.389999,123.57,117.5,121.82,121.82,221923300
AMZN,12/30/2022,119.949997,124.480003,119.75,123.18,123.18,157777300
AMZN,1/3/2023,118.470001,118.800003,104.639999,108.099998,108.099998,231402800
AMZN,1/4/2023,109.110001,114.589996,107.519997,113.639999,113.639999,180389000
AMZN,1/5/2023,110.510002,111.75,107.160004,110.339996,110.339996,157986300
AMZN,1/6/2023,103,114.389999,101.809998,113.059998,113.059998,220911100
AMZN,1/9/2023,118.959999,123.519997,117.110001,119.769997,119.769997,190284000
AMZN,1/10/2023,121.07,122.760002,114.919998,118.849998,118.849998,167642500
AMZN,1/11/2023,122.089996,125.949997,120.510002,123.220001,123.220001,183810800
AMZN,1/12/2023,122.559998,124.129997,117,123.559998,123.559998,169400900
AMZN,1/13/2023,116.550003,122.629997,115.599998,122.400002,122.400002,180714100
AMZN,1/17/2023,125.699997,131.699997,125.019997,131.490005,131.490005,186477000
AMZN,1/18/2023,136.559998,136.679993,127.010002,128.779999,128.779999,195680300
AMZN,1/19/2023,127.260002,129.990005,124.309998,127.169998,127.169998,170291900
AMZN,1/20/2023,128.679993,133.509995,127.349998,133.419998,133.419998,138858100
AMZN,1/23/2023,135.869995,145.380005,134.270004,143.75,143.75,203119200
AMZN,1/24/2023,143,146.5,141.100006,143.889999,143.889999,158699100
AMZN,1/25/2023,141.910004,146.410004,138.070007,144.429993,144.429993,192734300
AMZN,1/26/2023,159.970001,161.419998,154.759995,160.270004,160.270004,234815100
AMZN,1/27/2023,162.429993,180.679993,161.169998,177.899994,177.899994,306590600
AMZN,1/30/2023,178.050003,179.770004,166.5,166.660004,166.660004,230878800
AMZN,1/31/2023,164.570007,174.300003,162.779999,173.220001,173.220001,196813500
AMZN,2/1/2023,173.889999,183.809998,169.929993,181.410004,181.410004,213806300
AMZN,2/2/2023,187.330002,196.75,182.610001,188.270004,188.270004,217448300
AMZN,2/3/2023,183.949997,199,183.690002,189.979996,189.979996,232662000
AMZN,2/6/2023,193.009995,198.169998,189.919998,194.759995,194.759995,186188100
AMZN,2/7/2023,196.429993,197.5,189.550003,196.809998,196.809998,186010300
AMZN,2/8/2023,196.100006,203,194.309998,201.289993,201.289993,180673600
AMZN,2/9/2023,207.779999,214,204.770004,207.320007,207.320007,215431400
AMZN,2/10/2023,202.229996,206.199997,192.889999,196.889999,196.889999,204754100
AMZN,2/13/2023,194.419998,196.300003,187.610001,194.639999,194.639999,172475500
AMZN,2/14/2023,191.940002,209.820007,189.440002,209.25,209.25,216455700
AMZN,2/15/2023,211.759995,214.660004,206.110001,214.240005,214.240005,181006400
AMZN,2/16/2023,210.779999,217.649994,201.839996,202.039993,202.039993,229586500
AMZN,2/17/2023,199.990005,208.440002,197.5,208.309998,208.309998,213738500
AMZN,2/21/2023,204.990005,209.710007,197.220001,197.369995,197.369995,180018600
AMZN,2/22/2023,197.929993,201.990005,191.779999,200.860001,200.860001,191828500
AMZN,2/23/2023,203.910004,205.139999,196.330002,202.070007,202.070007,146360000
AMZN,2/24/2023,196.330002,197.669998,192.800003,196.880005,196.880005,142228100
AMZN,2/27/2023,202.029999,209.419998,201.259995,207.630005,207.630005,161028300
AMZN,2/28/2023,210.589996,211.229996,203.75,205.710007,205.710007,153144900
AMZN,3/1/2023,206.210007,207.199997,198.520004,202.770004,202.770004,156852800
AMZN,3/2/2023,186.740005,193.75,186.009995,190.899994,190.899994,181500700
AMZN,3/3/2023,194.800003,200.479996,192.880005,197.789993,197.789993,154193300
AMZN,3/6/2023,198.539993,198.600006,192.300003,193.809998,193.809998,128100100
AMZN,3/7/2023,191.380005,194.199997,186.100006,187.710007,187.710007,148125800
AMZN,3/8/2023,185.039993,186.5,180,182,182,151897800
AMZN,3/9/2023,180.25,185.179993,172.509995,172.919998,172.919998,170023800
AMZN,3/10/2023,175.130005,178.289993,168.440002,173.440002,173.440002,191488900
AMZN,3/13/2023,167.460007,177.350006,163.910004,174.479996,174.479996,167790300
AMZN,3/14/2023,177.309998,183.800003,177.139999,183.259995,183.259995,143717900
AMZN,3/15/2023,180.800003,182.339996,176.029999,180.449997,180.449997,145995600
AMZN,3/16/2023,180.369995,185.809998,178.839996,184.130005,184.130005,121136800
AMZN,3/17/2023,184.520004,186.220001,177.330002,180.130005,180.130005,133197100
AMZN,3/20/2023,178.080002,186.440002,176.350006,183.25,183.25,129684400
AMZN,3/21/2023,188.279999,198,188.039993,197.580002,197.580002,153391400
AMZN,3/22/2023,199.300003,200.660004,190.949997,191.149994,191.149994,150376400
AMZN,3/23/2023,195.259995,199.309998,188.649994,192.220001,192.220001,144193900
AMZN,3/24/2023,191.649994,192.360001,187.149994,190.410004,190.410004,116312400
AMZN,3/27/2023,194.419998,197.389999,189.940002,191.809998,191.809998,120851600
AMZN,3/28/2023,192,192.350006,185.429993,189.190002,189.190002,98654600
AMZN,3/29/2023,193.130005,195.289993,189.440002,193.880005,193.880005,123660000
AMZN,3/30/2023,195.580002,197.330002,194.419998,195.279999,195.279999,110252200
AMZN,3/31/2023,197.529999,207.789993,197.199997,207.460007,207.460007,170222100
AMZN,4/3/2023,199.910004,202.690002,192.199997,194.770004,194.770004,169545900
AMZN,4/4/2023,197.320007,198.740005,190.320007,192.580002,192.580002,126463800
AMZN,4/5/2023,190.520004,190.679993,183.759995,185.520004,185.520004,133882500
AMZN,4/6/2023,183.080002,186.389999,179.740005,185.059998,185.059998,123857900
AMZN,4/10/2023,179.940002,185.100006,176.110001,184.509995,184.509995,142154600
AMZN,4/11/2023,186.690002,189.190002,185.649994,186.789993,186.789993,115770900
AMZN,4/12/2023,190.740005,191.580002,180.309998,180.539993,180.539993,150256300
AMZN,4/13/2023,182.960007,186.5,180.940002,185.899994,185.899994,112933000
AMZN,4/14/2023,183.949997,186.279999,182.009995,185,185,96438700
AMZN,4/17/2023,186.320007,189.690002,182.690002,187.039993,187.039993,116662200
AMZN,4/18/2023,187.149994,187.690002,183.580002,184.309998,184.309998,92067000
AMZN,4/19/2023,179.100006,183.5,177.649994,180.589996,180.589996,125732700
AMZN,4/20/2023,166.169998,169.699997,160.559998,162.990005,162.990005,210970800
AMZN,4/21/2023,164.800003,166,161.320007,165.080002,165.080002,123539000
AMZN,4/24/2023,164.649994,165.649994,158.610001,162.550003,162.550003,140006600
AMZN,4/25/2023,159.820007,163.470001,158.75,160.669998,160.669998,121999300
AMZN,4/26/2023,160.289993,160.669998,153.139999,153.75,153.75,153364100
AMZN,4/27/2023,152.639999,160.479996,152.369995,160.190002,160.190002,127015200
AMZN,4/28/2023,160.899994,165,157.320007,164.309998,164.309998,122515800
AMZN,5/1/2023,163.169998,163.279999,158.830002,161.830002,161.830002,109015000
AMZN,5/2/2023,161.880005,165.490005,158.929993,160.309998,160.309998,128259700
AMZN,5/3/2023,160.009995,165,159.910004,160.610001,160.610001,119728000
AMZN,5/4/2023,162.710007,162.949997,159.649994,161.199997,161.199997,95108500
AMZN,5/5/2023,163.970001,170.789993,163.509995,170.059998,170.059998,107440900
AMZN,5/8/2023,173.720001,173.800003,169.190002,171.789993,171.789993,112249400
AMZN,5/9/2023,168.949997,169.820007,166.559998,169.149994,169.149994,88965000
AMZN,5/10/2023,172.550003,174.429993,166.679993,168.539993,168.539993,119840700
AMZN,5/11/2023,168.699997,173.570007,166.789993,172.080002,172.080002,103889900
AMZN,5/12/2023,176.070007,177.380005,167.229996,167.979996,167.979996,157577100
AMZN,5/15/2023,167.660004,169.759995,164.550003,166.350006,166.350006,105592500
AMZN,5/16/2023,165.649994,169.520004,164.350006,166.520004,166.520004,98288800
AMZN,5/17/2023,168.410004,174.5,167.190002,173.860001,173.860001,125473600
AMZN,5/18/2023,174.220001,177.059998,172.449997,176.889999,176.889999,109520300
AMZN,5/19/2023,177.169998,181.949997,176.309998,180.139999,180.139999,136024200
AMZN,5/22/2023,180.699997,189.320007,180.110001,188.869995,188.869995,132001400
AMZN,5/23/2023,186.199997,192.960007,185.259995,185.770004,185.770004,156952100
AMZN,5/24/2023,182.229996,184.220001,178.220001,182.899994,182.899994,137605100
AMZN,5/25/2023,186.539993,186.779999,180.580002,184.470001,184.470001,96870700
AMZN,5/26/2023,184.619995,198.600006,184.529999,193.169998,193.169998,162061500
AMZN,5/30/2023,200.100006,204.479996,197.529999,201.160004,201.160004,128818700
AMZN,5/31/2023,199.779999,203.949997,195.119995,203.929993,203.929993,150711700
AMZN,6/1/2023,202.589996,209.800003,199.369995,207.520004,207.520004,148029900
AMZN,6/2/2023,210.149994,217.25,209.75,213.970001,213.970001,164129000
AMZN,6/5/2023,217.800003,221.289993,214.520004,217.610001,217.610001,151143100
AMZN,6/6/2023,216.139999,221.910004,212.529999,221.309998,221.309998,146911600
AMZN,6/7/2023,228,230.830002,223.199997,224.570007,224.570007,185710800
AMZN,6/8/2023,224.220001,235.229996,223.009995,234.860001,234.860001,164489700
AMZN,6/9/2023,249.070007,252.419998,242.020004,244.399994,244.399994,199882300
AMZN,6/12/2023,247.940002,250.970001,244.589996,249.830002,249.830002,150337900
AMZN,6/13/2023,253.509995,259.679993,251.339996,258.709991,258.709991,162384300
AMZN,6/14/2023,260.170013,261.570007,250.5,256.790009,256.790009,170575500
AMZN,6/15/2023,248.399994,258.950012,247.289993,255.899994,255.899994,160171200
AMZN,6/16/2023,258.920013,263.600006,257.209991,260.540009,260.540009,167563700
AMZN,6/20/2023,261.5,274.75,261.119995,274.450012,274.450012,165611200
AMZN,6/21/2023,275.130005,276.98999,257.779999,259.459991,259.459991,211797100
AMZN,6/22/2023,250.770004,265,248.25,264.609985,264.609985,166875900
AMZN,6/23/2023,259.290009,262.450012,252.800003,256.600006,256.600006,176584100
AMZN,6/26/2023,250.070007,258.369995,240.699997,241.050003,241.050003,179990600
AMZN,6/27/2023,243.240005,250.389999,240.850006,250.210007,250.210007,164968200
AMZN,6/28/2023,249.699997,259.880005,248.889999,256.23999,256.23999,159770800
AMZN,6/29/2023,258.029999,260.73999,253.610001,257.5,257.5,131283400
AMZN,6/30/2023,260.600006,264.450012,259.890015,261.769989,261.769989,112267600
AMZN,7/3/2023,276.48999,284.25,275.109985,279.820007,279.820007,119685900
AMZN,7/5/2023,278.820007,283.850006,277.600006,282.480011,282.480011,131530900
AMZN,7/6/2023,278.089996,279.970001,272.880005,276.540009,276.540009,120332100
AMZN,7/7/2023,278.429993,280.779999,273.769989,274.429993,274.429993,113602000
AMZN,7/10/2023,276.470001,277.519989,265.100006,269.609985,269.609985,119425400
AMZN,7/11/2023,268.649994,270.899994,266.369995,269.790009,269.790009,91972400
AMZN,7/12/2023,276.329987,276.519989,271.459991,271.98999,271.98999,95672100
AMZN,7/13/2023,274.589996,279.450012,270.600006,277.899994,277.899994,112681500
AMZN,7/14/2023,277.01001,285.299988,276.309998,281.380005,281.380005,119771100
AMZN,7/17/2023,286.630005,292.230011,283.570007,290.380005,290.380005,131569600
AMZN,7/18/2023,290.149994,295.26001,286.01001,293.339996,293.339996,112434700
AMZN,7/19/2023,296.040009,299.290009,289.519989,291.26001,291.26001,142355400
AMZN,7/20/2023,279.559998,280.929993,261.200012,262.899994,262.899994,175158300
AMZN,7/21/2023,268,268,255.800003,260.019989,260.019989,161050100
AMZN,7/24/2023,255.850006,269.850006,254.119995,269.059998,269.059998,136508500
AMZN,7/25/2023,272.380005,272.899994,265,265.279999,265.279999,112757300
AMZN,7/26/2023,263.25,268.040009,261.75,264.350006,264.350006,95856200
AMZN,7/27/2023,268.309998,269.130005,255.300003,255.710007,255.710007,103697300
AMZN,7/28/2023,259.859985,267.25,258.230011,266.440002,266.440002,111446000
AMZN,7/31/2023,267.480011,269.079987,263.779999,267.429993,267.429993,84582200
AMZN,8/1/2023,266.26001,266.470001,260.25,261.070007,261.070007,83166000
AMZN,8/2/2023,255.570007,259.519989,250.490005,254.110001,254.110001,101752900
AMZN,8/3/2023,252.039993,260.48999,252,259.320007,259.320007,97569100
AMZN,8/4/2023,260.970001,264.769989,253.110001,253.860001,253.860001,99242600
AMZN,8/7/2023,251.449997,253.649994,242.759995,251.449997,251.449997,111097900
AMZN,8/8/2023,247.449997,250.919998,245.009995,249.699997,249.699997,96642200
AMZN,8/9/2023,250.869995,251.100006,241.899994,242.190002,242.190002,101596300
AMZN,8/10/2023,245.399994,251.800003,243,245.339996,245.339996,109498600
AMZN,8/11/2023,241.770004,243.789993,238.020004,242.649994,242.649994,98866600
AMZN,8/14/2023,235.699997,240.660004,233.75,239.759995,239.759995,98595300
AMZN,8/15/2023,238.729996,240.5,232.610001,232.960007,232.960007,88197600
AMZN,8/16/2023,228.020004,233.970001,225.380005,225.600006,225.600006,112484500
AMZN,8/17/2023,226.059998,226.740005,218.830002,219.220001,219.220001,120718400
AMZN,8/18/2023,214.119995,217.580002,212.360001,215.490005,215.490005,135813700
AMZN,8/21/2023,221.550003,232.130005,220.580002,231.279999,231.279999,135702700
AMZN,8/22/2023,240.25,240.820007,229.550003,233.190002,233.190002,130597900
AMZN,8/23/2023,229.339996,238.979996,229.289993,236.860001,236.860001,101077600
AMZN,8/24/2023,238.660004,238.919998,228.179993,230.039993,230.039993,99777400
AMZN,8/25/2023,231.309998,239,230.350006,238.589996,238.589996,106612200
AMZN,8/28/2023,242.580002,244.380005,235.350006,238.820007,238.820007,107673700
AMZN,8/29/2023,238.580002,257.480011,237.770004,257.179993,257.179993,134047600
AMZN,8/30/2023,254.199997,260.51001,250.589996,256.899994,256.899994,121988400
AMZN,8/31/2023,255.979996,261.179993,255.050003,258.079987,258.079987,108861700
AMZN,9/1/2023,257.26001,259.079987,242.009995,245.009995,245.009995,132272500
AMZN,9/5/2023,245,258,244.860001,256.48999,256.48999,129469600
AMZN,9/6/2023,255.139999,255.389999,245.059998,251.919998,251.919998,116959800
AMZN,9/7/2023,245.070007,252.809998,243.270004,251.490005,251.490005,115312900
AMZN,9/8/2023,251.220001,256.519989,246.669998,248.5,248.5,118367700
AMZN,9/11/2023,264.269989,274.850006,260.609985,273.579987,273.579987,174667900
AMZN,9/12/2023,270.76001,278.390015,266.600006,267.480011,267.480011,135999900
AMZN,9/13/2023,270.070007,274.980011,268.100006,271.299988,271.299988,111673700
AMZN,9/14/2023,271.320007,276.709991,270.420013,276.040009,276.040009,107709800
AMZN,9/15/2023,277.549988,278.980011,271,274.390015,274.390015,133422800
AMZN,9/18/2023,271.160004,271.440002,263.76001,265.279999,265.279999,101543300
AMZN,9/19/2023,264.350006,267.850006,261.200012,266.5,266.5,103704000
AMZN,9/20/2023,267.040009,273.929993,262.459991,262.589996,262.589996,122514600
AMZN,9/21/2023,257.850006,260.859985,254.210007,255.699997,255.699997,119531000
AMZN,9/22/2023,257.399994,257.790009,244.479996,244.880005,244.880005,127024300
AMZN,9/25/2023,243.380005,247.100006,238.309998,246.990005,246.990005,104636600
AMZN,9/26/2023,242.979996,249.550003,241.660004,244.119995,244.119995,101993600
